Company Name,Symbol,Industry,Series,Open,High,Low,Previous Close,Last Traded Price,Change,Percentage Change,Share Volume,Value (Indian Rupee),52 Week High,52 Week Low,365 Day Percentage Change,30 Day Percentage Change
3M India Ltd.,3MINDIA,7,1,21950.0,21999.0,21126.05,21854.05,21575.0,-279.05,0,4159,89653566.68,27800.0,17273.0,-10.18,8.22
Aarti Drugs Ltd.,AARTIDRUGS,11,1,400.5,401.8,394.1,403.85,400.0,-3.85,0,31782,12627306.42,749.75,378.0,-42.92,-5.1
Aavas Financiers Ltd.,AAVAS,9,1,1997.1,2004.05,1894.5,2015.45,1943.15,-72.3,0,150704,290772818.72,3340.0,1815.0,-25.69,-9.39
ABB India Ltd.,ABB,1,1,2260.35,2311.5,2260.35,2300.9,2280.0,-20.9,0,97053,221093527.71,2487.85,1618.05,27.25,-5.21
Abbott India Ltd.,ABBOTINDIA,11,1,18700.4,19200.0,18605.0,18760.4,19199.8,439.4,1,12396,234676981.32,23934.45,15514.0,11.61,5.84
Aditya Birla Capital Ltd.,ABCAPITAL,9,1,89.0,90.6,88.35,89.4,90.25,0.85,1,2401323,215182554.03,139.2,85.6,-23.75,-11.57
Aditya Birla Fashion and Retail Ltd.,ABFRL,6,1,235.6,243.5,235.6,237.05,242.2,5.15,1,1014277,243548193.24,322.0,189.35,9.87,-12.62
Aditya Birla Sun Life AMC Ltd.,ABSLAMC,9,1,400.05,406.7,400.0,400.05,405.9,5.85,1,34489,13901826.12,722.9,375.0,-11.06,-5.09
ACC Ltd.,ACC,4,1,2122.95,2174.0,2122.95,2121.95,2171.7,49.75,1,284645,613620612.3,2589.0,1900.0,5.32,-3.48
Adani Enterprises Ltd.,ADANIENT,14,1,2189.9,2242.0,2138.25,2190.9,2229.25,38.35,1,2141743,4695578770.63,2420.95,1332.75,45.33,1.08
Adani Green Energy Ltd.,ADANIGREEN,16,1,1928.0,1978.9,1902.0,1929.6,1963.25,33.65,1,1206875,2344656406.25,3050.0,874.8,-11.06,2.15
Adani Ports and Special Economic Zone Ltd.,ADANIPORTS,18,1,670.0,680.0,656.0,672.05,678.3,6.25,1,3151179,2105491760.64,924.65,651.95,-4.5,-9.16
Adani Transmission Ltd.,ADANITRANS,16,1,2500.0,2583.7,2226.3,2473.65,2452.0,-21.65,0,741152,1847854989.44,3000.0,863.0,-11.06,20.37
Advanced Enzyme Tech Ltd.,ADVENZYMES,8,1,266.2,268.7,258.4,266.2,264.0,-2.2,0,40076,10549606.24,435.95,258.4,-35.78,-7.02
Aegis Logistics Ltd.,AEGISCHEM,15,1,208.7,212.6,205.15,209.0,211.45,2.45,1,247355,51731824.7,386.0,167.25,-39.22,-3.95
Affle (India) Ltd.,AFFLE,12,1,1060.0,1060.3,1004.65,1060.3,1010.0,-50.3,0,241660,246983769.8,1511.0,763.02,-11.06,0.78
AIA Engineering Ltd.,AIAENG,1,1,2233.8,2242.45,2170.2,2223.8,2210.0,-13.8,0,42620,94240491.6,2350.0,1475.05,3.91,-2.37
Ajanta Pharmaceuticals Ltd.,AJANTPHARM,11,1,1233.0,1275.05,1229.35,1235.6,1265.9,30.3,1,109740,137293519.2,2435.0,1186.0,-42.5,-27.87
Alkem Laboratories Ltd.,ALKEM,11,1,2995.0,3035.0,2970.95,2998.55,3011.25,12.7,1,21837,65524757.31,4070.0,2828.0,-6.28,-4.78
Alkyl Amines Chemicals Ltd.,ALKYLAMINE,2,1,2525.0,2609.9,2506.2,2517.65,2552.85,35.2,1,26377,67248425.27,4749.0,2506.2,-30.0,-7.77
Allcargo Logistics Ltd.,ALLCARGO,18,1,259.0,271.5,256.0,262.95,269.0,6.05,1,502907,133391052.68,412.0,152.5,64.5,-17.76
Alok Industries Ltd.,ALOKINDS,20,0,22.3,22.3,21.5,22.0,21.55,-0.45,0,1040692,22645457.92,35.8,18.85,-11.06,-6.01
Amara Raja Batteries Ltd.,AMARAJABAT,0,1,459.1,471.7,456.05,458.7,469.5,10.8,1,438273,202727558.88,781.6,438.05,-38.43,-8.69
Amber Enterprises India Ltd.,AMBER,5,1,2251.0,2348.2,2251.0,2246.65,2325.0,78.35,1,85424,197744600.64,4025.95,2040.0,-23.22,-14.67
Ambuja Cements Ltd.,AMBUJACEM,4,1,363.95,368.6,362.1,363.0,367.5,4.5,1,2763265,1011078663.5,442.5,274.0,6.56,-1.73
Angel One Ltd.,ANGELONE,9,1,1202.0,1228.0,1185.0,1206.2,1216.05,9.85,1,414524,499671374.84,2022.0,839.05,-11.06,-18.25
Anupam Rasayan India Ltd.,ANURAS,2,1,610.0,626.2,604.6,610.1,620.7,10.6,1,37228,22843845.36,1107.55,546.75,-19.72,-11.28
APL Apollo Tubes Ltd.,APLAPOLLO,1,1,843.9,855.0,836.0,849.95,845.1,-4.85,0,165325,139906281.25,1114.55,718.08,-47.83,-9.31
Alembic Pharmaceuticals Ltd.,APLLTD,11,1,727.75,731.6,717.0,728.25,729.9,1.65,1,63552,46195948.8,1016.7,678.3,-26.01,-0.51
Apollo Hospitals Enterprise Ltd.,APOLLOHOSP,11,1,3680.0,3745.0,3635.2,3683.5,3732.0,48.5,1,316894,1169161399.36,5935.4,3361.55,1.76,-7.43
Apollo Tyres Ltd.,APOLLOTYRE,0,1,185.7,190.0,184.3,185.1,188.9,3.8,1,1276512,238682213.76,250.0,165.25,-17.73,-15.23
Aptus Value Housing Finance India Ltd.,APTUS,9,1,276.5,294.7,274.3,281.8,293.65,11.85,1,449163,128519009.19,394.9,220.1,-11.06,-1.38
Asahi India Glass Ltd.,ASAHIINDIA,0,1,536.8,549.0,530.25,539.6,548.0,8.4,1,261012,140842075.2,612.9,324.65,60.43,20.85
Ashok Leyland Ltd.,ASHOKLEY,1,1,148.0,149.0,144.65,147.8,146.4,-1.4,0,19976245,2920926543.9,153.5,93.2,20.55,7.49
Asian Paints Ltd.,ASIANPAINT,5,1,2704.9,2780.0,2685.0,2695.2,2769.65,74.45,1,1477191,4055317680.39,3590.0,2560.0,-9.94,-5.75
Aster DM Healthcare Ltd.,ASTERDM,11,1,179.55,179.55,174.3,178.0,176.0,-2.0,0,92393,16259320.14,237.0,148.4,15.55,-10.84
Astral Ltd.,ASTRAL,1,1,1651.0,1664.95,1639.9,1655.5,1657.0,1.5,1,125312,207061789.44,2524.95,1581.55,-16.79,-4.3
AstraZenca Pharma India Ltd.,ASTRAZEN,11,1,2700.0,2727.0,2664.0,2705.2,2724.0,18.8,1,4613,12434526.02,3675.0,2445.7,-25.09,-10.05
Adani Total Gas Ltd.,ATGL,15,1,2392.55,2442.95,2370.0,2392.9,2389.0,-3.9,0,436503,1045280639.01,2740.0,774.95,-11.06,-0.21
Atul Ltd.,ATUL,2,1,7988.55,8070.0,7891.0,8030.8,8012.0,-18.8,0,10672,85048369.6,10969.0,7750.0,-10.55,-1.4
AU Small Finance Bank Ltd.,AUBANK,9,1,586.0,587.3,563.3,591.7,580.0,-11.7,0,2741511,1574011125.54,732.98,462.5,-42.88,-52.72
Aurobindo Pharma Ltd.,AUROPHARMA,11,1,512.25,524.0,506.5,513.1,522.75,9.65,1,831959,429032936.71,1013.0,503.45,-46.84,-3.33
Avanti Feeds Ltd.,AVANTIFEED,8,1,432.85,436.5,425.0,432.85,436.0,3.15,1,142890,61885659.0,674.85,384.2,-20.7,0.87
Axis Bank Ltd.,AXISBANK,9,1,633.0,646.6,631.8,636.8,644.0,7.2,1,6549359,4191262292.05,866.9,618.25,-14.9,-7.06
Bajaj Auto Ltd.,BAJAJ-AUTO,0,1,3667.95,3678.7,3601.1,3706.6,3621.7,-84.9,0,756589,2746788798.61,4250.0,3027.05,-10.34,-4.08
Bajaj Electricals Ltd,BAJAJELEC,5,1,1021.0,1048.0,1000.2,1023.95,1042.0,18.05,1,326410,335030488.1,1588.95,858.55,-0.29,3.41
Bajaj Finserv Ltd.,BAJAJFINSV,9,1,10920.0,11343.0,10727.2,10931.75,11315.0,383.25,1,408983,4572364502.72,19325.0,10727.2,-9.72,-15.48
Bajaj Holdings & Investment Ltd.,BAJAJHLDNG,9,1,4534.9,4655.0,4511.0,4585.2,4570.0,-15.2,0,59937,275246886.99,6598.0,3586.0,26.86,-10.33
Bajaj Finance Ltd.,BAJFINANCE,9,1,5364.0,5633.95,5335.05,5400.5,5617.95,217.45,1,1221890,6717694623.1,8050.0,5220.0,-10.23,-11.21
Balaji Amines Ltd.,BALAMINES,2,1,2860.0,2897.0,2831.7,2867.3,2889.0,21.7,1,21727,62488155.62,5223.55,2651.0,7.24,-10.79
Balkrishna Industries Ltd.,BALKRISIND,0,1,2125.0,2179.0,2109.5,2149.15,2178.85,29.7,1,142057,304220747.78,2723.8,1690.55,-4.02,-8.11
Balrampur Chini Mills Ltd.,BALRAMCHIN,8,1,360.0,362.5,354.65,359.45,360.7,1.25,1,1214196,435192130.32,525.9,297.6,1.05,-11.1
Bandhan Bank Ltd.,BANDHANBNK,9,1,262.5,266.0,259.05,263.5,265.0,1.5,1,5414612,1423501494.8,349.55,229.55,-20.21,-19.16
Bank of Baroda,BANKBARODA,9,1,97.6,97.8,95.6,97.4,97.35,-0.05,0,32287305,3114433440.3,122.7,72.5,13.39,-2.84
Bank of India,BANKINDIA,9,1,44.2,45.0,43.9,44.35,44.9,0.55,1,1053018,46711878.48,80.75,40.4,-43.07,-7.51
BASF India Ltd.,BASF,2,1,2727.0,2759.95,2626.95,2728.55,2720.0,-8.55,0,19400,52420740.0,3930.0,2351.0,4.97,6.81
Bata India Ltd.,BATAINDIA,5,1,1665.0,1706.95,1650.0,1668.7,1705.0,36.3,1,122583,206081636.28,2262.0,1550.0,4.51,-11.11
Bayer Cropscience Ltd.,BAYERCROP,2,1,5032.15,5135.0,4982.0,5007.15,5105.0,97.85,1,5806,29271761.84,6130.0,4218.05,-13.5,-7.24
Bombay Burmah Trading Corporation Ltd.,BBTC,8,1,891.0,924.0,891.0,903.25,924.0,20.75,1,20192,18467603.2,1353.15,839.9,-31.75,-9.45
Brightcom Group Ltd.,BCG,12,1,32.9,32.9,32.9,31.35,32.9,1.55,1,821102,27014255.8,122.88,10.73,40.27,-51.17
Bharat Dynamics Ltd.,BDL,1,1,677.0,679.95,660.05,681.25,668.0,-13.25,0,693286,462442560.58,904.9,356.85,90.32,-13.07
Bharat Electronics Ltd.,BEL,1,1,233.0,235.5,227.25,234.1,229.7,-4.4,0,5108014,1175354021.4,259.5,162.35,31.52,-0.28
Berger Paints India Ltd.,BERGEPAINT,5,1,570.45,583.95,563.75,568.3,583.0,14.7,1,1316578,757664307.44,872.95,543.6,-29.41,-7.58
Bharat Forge Ltd.,BHARATFORG,1,1,645.15,649.35,635.0,651.8,643.0,-8.8,0,650298,418492774.92,847.95,595.0,-14.45,-7.53
Bharti Airtel Ltd.,BHARTIARTL,19,1,684.85,685.8,666.0,684.95,673.0,-11.95,0,4488771,3024129910.41,781.8,514.85,30.31,-2.18
Bharat Heavy Electricals Ltd.,BHEL,1,1,44.8,45.8,44.4,44.95,45.65,0.7,1,11083459,499420662.54,80.35,41.4,-31.43,-12.21
Biocon Ltd.,BIOCON,11,1,308.75,312.0,305.0,308.4,311.3,2.9,1,1136834,351054339.2,414.4,305.0,-23.75,-7.69
Birla Corporation Ltd.,BIRLACORPN,4,1,874.9,877.1,826.0,870.95,839.9,-31.05,0,120235,101789748.65,1650.0,823.0,-28.19,-10.63
Blue Dart Express Ltd.,BLUEDART,18,1,7850.0,7877.0,7730.1,7802.15,7765.55,-36.6,0,16566,129401664.48,7880.0,5306.5,34.59,4.17
Blue Star Ltd.,BLUESTARCO,5,1,892.1,903.75,885.35,903.75,890.9,-12.85,0,42446,38077882.14,1225.0,758.0,10.75,-11.78
Borosil Renewables Ltd.,BORORENEW,1,1,603.0,614.8,595.2,601.7,607.7,6.0,1,469179,284435076.96,833.35,261.2,-11.06,-8.39
Bosch Ltd.,BOSCHLTD,0,1,15273.0,15731.2,15201.55,15229.6,15650.0,420.4,1,71619,1114657346.49,19250.0,12932.45,1.36,4.12
Bharat Petroleum Corporation Ltd.,BPCL,15,1,308.5,319.25,305.7,308.4,318.5,10.1,1,4416695,1381939698.55,503.0,293.35,-34.12,-5.46
Brigade Enterprises Ltd.,BRIGADE,17,1,439.0,447.45,436.05,444.4,443.5,-0.9,0,140806,62332000.08,554.7,268.7,58.88,-4.36
Britannia Industries Ltd.,BRITANNIA,8,1,3412.0,3600.0,3412.0,3466.4,3575.0,108.6,1,292487,1029595188.18,4153.0,3050.0,-5.02,-4.97
BSE Ltd.,BSE,9,1,594.95,604.95,586.45,596.9,600.15,3.25,1,778640,463088353.6,1046.67,296.33,-33.71,-21.03
Birlasoft Ltd.,BSOFT,12,1,353.7,357.1,343.55,353.25,352.1,-1.15,0,1752456,612360700.08,585.85,316.45,-11.6,-4.68
Computer Age Management Services Ltd.,CAMS,9,1,2258.8,2258.8,2207.0,2257.75,2230.0,-27.75,0,57998,129291461.52,4067.4,2037.15,-19.15,-2.92
Canara Bank,CANBK,9,1,181.65,185.7,178.45,181.25,185.5,4.25,1,5768579,1048958405.36,272.8,142.1,19.36,-11.59
Can Fin Homes Ltd.,CANFINHOME,9,1,427.85,443.4,424.7,426.35,441.45,15.1,1,663285,290260148.85,722.0,406.65,-18.57,-11.86
Caplin Point Laboratories Ltd.,CAPLIPOINT,11,1,704.0,714.15,704.0,710.4,711.25,0.85,1,26432,18764605.44,1034.8,626.0,6.49,-4.28
Carborundum Universal Ltd.,CARBORUNIV,1,1,715.0,721.55,698.35,716.9,710.0,-6.9,0,117136,82768297.6,1035.0,590.55,18.25,-0.5
Castrol India Ltd.,CASTROLIND,15,1,103.3,104.15,102.75,103.3,104.0,0.7,1,228227,23644317.2,150.0,99.05,-27.81,-4.97
CCL Products (I) Ltd.,CCL,8,1,380.0,385.15,375.25,383.45,382.3,-1.15,0,132875,50844618.75,514.95,310.0,6.03,8.29
Central Depository Services (India) Ltd.,CDSL,9,1,1111.4,1117.7,1096.0,1114.4,1105.0,-9.4,0,208635,230664769.65,1734.4,974.0,13.88,-11.38
Ceat Ltd.,CEATLTD,0,1,933.0,949.0,917.75,929.2,935.55,6.35,1,29484,27602036.28,1477.75,890.0,-31.66,-8.36
Central Bank of India,CENTRALBK,9,1,16.9,17.0,16.25,16.9,16.8,-0.1,0,891053,14978600.93,29.65,16.25,-39.86,-10.58
Century Plyboards (India) Ltd.,CENTURYPLY,5,1,526.0,526.35,511.05,525.7,512.1,-13.6,0,35943,18514598.73,749.0,341.8,29.95,-8.41
Century Textile & Industries Ltd.,CENTURYTEX,10,1,808.0,817.95,797.0,805.7,806.5,0.8,1,156605,126723199.95,1024.0,607.7,30.97,0.98
Cera Sanitaryware Ltd,CERA,5,1,4141.7,4160.0,4085.9,4132.75,4111.25,-21.5,0,2801,11566421.39,6450.0,3515.0,-7.85,-1.61
CESC Ltd.,CESC,16,1,70.95,71.9,70.5,71.2,70.75,-0.45,0,565200,40174416.0,102.45,7.23,-90.75,-8.72
Capri Global Capital Ltd.,CGCL,9,1,685.55,689.15,681.05,687.4,681.15,-6.25,0,16875,11555156.25,805.0,436.85,29.13,2.38
CG Power and Industrial Solutions Ltd.,CGPOWER,1,1,192.0,196.25,188.6,191.65,189.65,-2.0,0,928649,178430618.86,219.65,71.7,-11.06,5.33
Chalet Hotels Ltd.,CHALET,6,1,314.8,331.8,310.05,314.65,327.15,12.5,1,866335,280848480.3,332.7,159.05,77.57,5.92
Chambal Fertilizers & Chemicals Ltd.,CHAMBLFERT,2,1,267.7,272.4,260.8,266.15,271.3,5.15,1,1548368,412593620.96,516.0,260.8,-13.19,-26.76
Chemplast Sanmar Ltd.,CHEMPLASTS,2,1,469.8,479.0,460.8,470.15,476.25,6.1,1,98313,46324102.47,826.0,382.7,-11.06,-2.52
Cholamandalam Investment and Finance Company Ltd.,CHOLAFIN,9,1,616.2,643.15,616.05,619.5,637.95,18.45,1,1694794,1067737167.94,768.0,469.25,20.7,-8.84
Cholamandalam Financial Holdings Ltd.,CHOLAHLDNG,9,1,590.25,610.5,586.9,593.2,602.05,8.85,1,17853,10648243.32,762.3,564.05,-10.42,-4.58
Cipla Ltd.,CIPLA,11,1,911.2,956.05,911.2,917.2,948.0,30.8,1,1793834,1677593556.8,1083.0,850.0,-5.63,-7.63
Clean Science and Technology Ltd.,CLEAN,2,1,1486.95,1490.0,1456.0,1490.05,1458.0,-32.05,0,77405,113280669.4,2705.0,1422.1,-11.06,-14.79
Coal India Ltd.,COALINDIA,15,1,185.0,186.15,176.6,185.6,183.2,-2.4,0,17248729,3132369186.4,209.0,132.75,26.56,-3.78
Cochin Shipyard Ltd.,COCHINSHIP,1,1,310.9,313.0,307.15,311.7,312.85,1.15,1,34795,10809066.75,402.6,280.75,-19.08,-3.53
Coforge Ltd.,COFORGE,12,1,3538.0,3538.0,3419.9,3539.3,3495.0,-44.3,0,536217,1852924654.35,6135.0,3218.1,-14.87,-9.52
Colgate Palmolive (India) Ltd.,COLPAL,8,1,1488.8,1520.0,1484.35,1486.85,1515.1,28.25,1,437561,661491592.97,1823.4,1375.6,-11.8,-8.63
Container Corporation of India Ltd.,CONCOR,18,1,596.4,605.0,585.05,594.3,603.15,8.85,1,1065738,634167396.9,754.4,554.0,-14.9,-8.63
Coromandel International Ltd.,COROMANDEL,2,1,953.0,969.5,932.75,953.15,968.05,14.9,1,366177,349230328.44,983.95,709.35,5.8,0.87
CreditAccess Grameen Ltd.,CREDITACC,9,1,1012.95,1025.0,995.15,1015.8,1021.9,6.1,1,159386,160874665.24,1154.0,494.7,35.44,-5.2
CRISIL Ltd.,CRISIL,9,1,3281.2,3398.0,3264.1,3286.7,3269.7,-17.0,0,42577,142348109.87,3863.55,2425.2,29.43,-3.52
Crompton Greaves Consumer Electricals Ltd.,CROMPTON,5,1,339.95,351.1,337.1,340.15,349.8,9.65,1,517467,179317839.51,512.8,312.0,-21.73,-5.89
CSB Bank Ltd.,CSBBANK,9,1,194.5,195.0,190.0,193.1,191.6,-1.5,0,198621,38345770.26,374.0,178.0,-44.38,2.2
City Union Bank Ltd.,CUB,9,1,133.0,137.0,130.95,133.05,134.55,1.5,1,1461281,195154077.55,183.95,109.0,-20.14,-5.03
Cummins India Ltd.,CUMMINSIND,1,1,1016.0,1030.2,1014.0,1024.2,1030.0,5.8,1,149758,153313254.92,1162.0,821.6,13.86,-0.17
Cyient Ltd.,CYIENT,12,1,760.45,766.35,749.1,756.65,756.85,0.2,1,196910,149269594.6,1292.0,720.0,-11.98,-3.41
Dabur India Ltd.,DABUR,8,1,492.05,512.7,492.05,495.95,511.3,15.35,1,1704654,861071875.02,658.95,482.25,-12.8,-4.44
Dalmia Bharat Ltd.,DALBHARAT,4,1,1280.0,1337.8,1272.5,1283.65,1326.0,42.35,1,197336,259368571.6,2548.4,1212.5,-32.12,-5.79
Dilip Buildcon Ltd.,DBL,3,1,190.0,190.75,187.45,190.4,189.75,-0.65,0,231621,43871333.61,749.8,187.45,-66.8,-16.47
DCM Shriram Ltd.,DCMSHRIRAM,7,1,941.5,954.35,936.1,944.45,947.8,3.35,1,26354,24980693.06,1263.85,855.0,3.56,-4.8
Deepak Nitrite Ltd.,DEEPAKNTR,2,1,1741.0,1755.95,1681.15,1736.4,1726.2,-10.2,0,894640,1526175322.4,3020.0,1681.15,-3.99,-13.05
Delta Corp Ltd.,DELTACORP,6,1,167.05,174.55,166.0,166.45,172.45,6.0,1,10179569,1744370943.84,339.7,162.1,-6.09,-23.79
Devyani International Ltd.,DEVYANI,6,1,156.35,159.7,152.7,155.35,158.0,2.65,1,1367282,214950403.22,198.9,107.55,-11.06,-8.89
Dhani Services Ltd.,DHANI,9,1,37.6,37.6,34.2,35.85,35.3,-0.55,0,20638577,751037817.03,242.9,28.5,-79.85,-28.44
Divi's Laboratories Ltd.,DIVISLAB,11,1,3590.35,3649.6,3581.05,3630.4,3647.0,16.6,1,304397,1099975087.14,5425.1,3365.55,-17.65,1.09
Dixon Technologies (India) Ltd.,DIXON,5,1,3575.0,3606.75,3517.0,3575.0,3594.0,19.0,1,157931,563530973.51,6243.6,3180.55,-19.14,-7.35
DLF Ltd.,DLF,17,1,310.4,324.4,309.45,312.7,323.0,10.3,1,5557896,1764076190.4,449.7,279.45,11.24,-9.51
Avenue Supermarts Ltd.,DMART,6,1,3394.45,3406.65,3331.1,3406.1,3395.0,-11.1,0,311228,1049656889.64,5900.0,3186.0,1.85,-14.26
Dr. Reddy's Laboratories Ltd.,DRREDDY,11,1,4385.0,4395.0,4290.05,4393.8,4385.0,-8.8,0,304799,1327369165.1,5614.6,3654.0,-18.98,0.55
Easy Trip Planners Ltd.,EASEMYTRIP,6,1,392.2,402.9,390.4,391.4,400.95,9.55,1,1105653,441277168.83,717.65,261.0,-0.66,2.78
eClerx Services Ltd.,ECLERX,18,1,1920.25,1920.25,1888.8,1920.25,1905.2,-15.05,0,12475,23805543.5,2970.0,1755.65,-11.06,-5.53
Edelweiss Financial Services Ltd.,EDELWEISS,9,1,52.05,52.5,50.85,51.55,51.85,0.3,1,613698,31666816.8,100.9,49.4,-28.75,-5.76
Eicher Motors Ltd.,EICHERMOT,0,1,2775.0,2809.8,2750.4,2794.35,2789.0,-5.35,0,367512,1018802065.92,2994.0,2159.55,4.61,0.49
E.I.D. Parry (India) Ltd.,EIDPARRY,8,1,525.5,532.55,513.0,530.6,529.0,-1.6,0,228073,119282179.0,576.0,377.3,24.42,-4.51
EIH Ltd.,EIHOTEL,6,1,124.4,127.95,124.2,124.9,126.9,2.0,1,162116,20512537.48,171.75,100.0,11.57,-7.58
Elgi Equipments Ltd.,ELGIEQUIP,1,1,351.5,362.4,344.35,358.5,347.0,-11.5,0,204302,71922476.08,422.3,191.3,73.27,4.11
Emami Ltd.,EMAMILTD,8,1,417.2,429.6,415.35,420.25,424.95,4.7,1,102892,43498621.92,621.8,393.4,-25.0,0.94
Endurance Technologies Ltd.,ENDURANCE,0,1,1418.8,1419.0,1396.85,1411.7,1410.0,-1.7,0,140419,197643955.07,1989.0,1047.2,-13.14,7.94
Engineers India Ltd.,ENGINERSIN,3,1,57.0,58.95,56.6,57.0,58.8,1.8,1,751759,43752373.8,82.5,56.0,-28.39,-8.51
EPL Ltd.,EPL,1,1,150.1,159.95,149.3,149.15,156.5,7.35,1,220028,34181349.8,291.0,147.15,-46.73,-9.19
Equitas Holdings Ltd.,EQUITAS,9,1,82.4,83.0,81.5,82.0,82.55,0.55,1,198014,16282691.22,145.0,75.0,-12.77,-12.11
Equitas Small Finance Bank Ltd.,EQUITASBNK,9,1,39.4,39.5,38.8,39.45,39.5,0.05,1,160741,6302654.61,76.8,37.45,-33.08,-2.95
Eris Lifesciences Ltd.,ERIS,11,1,670.55,670.55,648.45,667.2,651.0,-16.2,0,8326,5464104.02,863.0,600.3,-5.7,-0.09
Escorts Kubota Ltd.,ESCORTS,1,1,1449.95,1471.7,1424.55,1444.8,1467.2,22.4,1,489734,708072109.22,1934.0,1128.0,18.42,-11.36
Exide Industries Ltd.,EXIDEIND,0,1,137.5,141.95,136.8,137.8,141.95,4.15,1,854228,119053756.36,204.9,130.25,-24.43,-5.91
Fertilisers and Chemicals Travancore Ltd.,FACT,2,1,96.4,96.4,93.4,96.4,95.0,-1.4,0,227181,21543574.23,159.9,82.35,-30.17,-22.51
FDC Ltd.,FDC,11,1,239.8,255.0,233.45,238.65,248.0,9.35,1,40209,9696400.35,388.7,225.0,-32.58,-3.01
Federal Bank Ltd.,FEDERALBNK,9,1,90.55,94.35,89.3,90.2,94.05,3.85,1,16073373,1482447191.79,107.65,77.5,3.56,1.52
Finolex Cables Ltd.,FINCABLES,1,1,374.0,381.95,371.35,376.3,376.3,0.75,0,49522,18673755.76,608.6,343.5,-27.61,1.51
Fine Organic Industries Ltd.,FINEORG,2,1,4804.45,4898.35,4780.0,4797.9,4840.0,42.1,1,25788,124989020.52,6139.9,2734.55,65.76,-1.46
Finolex Industries Ltd.,FINPIPE,1,1,135.8,137.5,134.1,136.2,137.2,1.0,1,118082,16022546.58,244.5,125.0,-25.96,-13.25
Gujarat Fluorochemicals Ltd.,FLUOROCHEM,2,1,2800.25,2807.4,2696.95,2774.95,2755.0,-19.95,0,44957,124253505.31,3198.9,1034.1,138.9,-3.89
Fortis Healthcare Ltd.,FORTIS,11,1,236.65,238.0,232.3,240.0,235.5,-4.5,0,536057,125769693.34,313.45,219.75,-1.4,0.82
Firstsource Solutions Ltd.,FSL,12,1,102.5,104.3,101.35,102.9,103.7,0.8,1,1265235,130116767.4,242.85,93.0,-44.96,-7.34
Gujarat Ambuja Exports Ltd.,GAEL,8,1,280.0,282.6,268.05,282.7,273.15,-9.55,0,245672,67483641.68,394.15,150.05,62.85,-15.99
GAIL (India) Ltd.,GAIL,15,1,134.1,136.4,131.0,135.2,132.6,-2.6,0,10077624,1336595271.12,173.5,125.2,-9.66,-8.15
Galaxy Surfactants Ltd.,GALAXYSURF,2,1,2934.6,2934.6,2838.0,2920.05,2849.95,-70.1,0,18915,53998352.85,3585.65,2585.0,-3.4,1.68
Garware Technical Fibres Ltd.,GARFIBRES,20,1,3093.75,3093.75,2972.35,3078.35,3000.5,-77.85,0,4359,13258639.53,4030.0,2619.8,-9.01,3.57
Great Eastern Shipping Co. Ltd.,GESHIP,18,1,395.75,398.9,385.0,395.6,390.25,-5.35,0,120133,46909533.84,445.0,265.0,1.74,-0.39
General Insurance Corporation of India,GICRE,9,1,114.1,116.4,114.1,115.2,115.95,0.75,1,90066,10390013.76,211.5,105.0,-44.75,-3.6
Gland Pharma Ltd.,GLAND,11,1,2710.0,2710.0,2637.4,2701.7,2641.0,-60.7,0,129469,344517009.0,4350.0,2495.15,-21.1,-5.57
Glaxosmithkline Pharmaceuticals Ltd.,GLAXO,11,1,1505.0,1527.0,1499.0,1499.6,1499.0,-0.6,0,54631,82318537.11,1918.75,1450.0,-0.17,-0.8
Glenmark Pharmaceuticals Ltd.,GLENMARK,11,1,385.2,395.0,382.0,386.35,395.0,8.65,1,398227,155165168.28,690.95,348.5,-40.79,-1.83
Glenmark Life Sciences Ltd.,GLS,11,1,441.0,444.5,440.0,444.3,441.8,-2.5,0,15000,6619500.0,799.0,410.0,-11.06,4.96
GMM Pfaudler Ltd.,GMMPFAUDLR,1,1,4355.0,4372.0,4300.05,4345.6,4330.0,-15.6,0,14737,64042138.79,5295.0,3770.0,-7.22,3.63
GMR Infrastructure Ltd.,GMRINFRA,18,1,34.0,34.75,33.6,34.1,34.5,0.4,1,4338629,148337725.51,49.15,27.35,7.23,-10.26
Gujarat Narmada Valley Fertilizers and Chemicals Ltd.,GNFC,2,1,566.0,582.0,563.25,571.8,580.5,8.7,1,1199375,687769600.0,912.0,314.1,51.59,-14.11
Go Fashion (India) Ltd.,GOCOLORS,6,1,990.0,999.5,980.0,993.45,988.5,-4.95,0,6325,6258208.0,1339.9,847.3,-11.06,0.84
Godfrey Phillips India Ltd.,GODFRYPHLP,8,1,1089.0,1089.0,1042.65,1059.15,1061.35,2.2,1,12787,13588233.42,1408.75,933.0,7.91,-8.16
Godrej Agrovet Ltd.,GODREJAGRO,8,1,503.85,507.65,500.6,506.95,502.0,-4.95,0,22224,11190895.2,746.8,441.0,-20.06,-5.71
Godrej Consumer Products Ltd.,GODREJCP,8,1,757.05,785.0,750.55,757.55,782.95,25.4,1,743399,571740736.91,1138.0,660.05,-12.95,-1.23
Godrej Industries Ltd.,GODREJIND,8,1,433.85,435.65,424.0,433.85,426.0,-7.85,0,59044,25182856.44,662.0,405.0,-24.07,-9.29
Godrej Properties Ltd.,GODREJPROP,17,1,1167.0,1233.45,1167.0,1182.95,1226.0,43.05,1,776473,937738677.37,2598.0,1129.55,-15.37,-15.47
Gujarat Pipavav Port Ltd.,GPPL,18,1,75.95,78.5,74.5,77.1,78.25,1.15,1,679600,51744744.0,119.0,70.3,-31.62,-3.99
Granules India Ltd.,GRANULES,11,1,272.1,279.75,268.9,272.25,278.2,5.95,1,879548,242684884.16,404.8,226.95,-18.14,0.85
Graphite India Ltd.,GRAPHITE,1,1,391.0,393.1,383.2,393.05,388.75,-4.3,0,176151,68404717.83,754.0,350.0,-38.33,-11.49
Grasim Industries Ltd.,GRASIM,4,1,1320.0,1350.0,1305.3,1320.75,1345.7,24.95,1,516506,686565600.5,1929.8,1276.6,-11.88,-7.55
Grindwell Norton Ltd.,GRINDWELL,1,1,1676.6,1703.05,1645.15,1683.05,1680.0,-3.05,0,15338,25625196.6,2018.35,1161.0,35.52,-1.81
G R Infraprojects Ltd.,GRINFRA,3,1,1105.55,1105.55,1080.3,1100.55,1093.0,-7.55,0,6544,7140616.48,2267.65,1078.85,-11.06,-22.37
Gujarat State Fertilizers & Chemicals Ltd.,GSFC,2,1,131.3,131.8,127.1,132.0,130.6,-1.4,0,1507206,194535078.42,198.8,98.1,14.09,-20.82
Gujarat State Petronet Ltd.,GSPL,15,1,220.4,221.95,215.55,217.9,217.95,0.05,1,882222,192994884.72,379.2,209.45,-34.64,-14.38
Gujarat Alkalies & Chemicals Ltd.,GUJALKALI,2,1,683.3,692.95,664.4,689.35,689.0,-0.35,0,215330,146672029.5,1044.7,401.0,71.35,-14.21
Gujarat Gas Ltd.,GUJGASLTD,15,1,419.0,425.95,416.7,418.85,423.0,4.15,1,1078048,455033280.32,786.0,403.55,-36.61,-25.11
Hindustan Aeronautics Ltd.,HAL,1,1,1763.0,1779.7,1727.4,1769.8,1737.7,-32.1,0,430150,750263328.5,1972.55,1010.0,73.2,-3.73
Happiest Minds Technologies Ltd.,HAPPSTMNDS,12,1,826.4,826.4,813.0,828.95,816.8,-12.15,0,227373,186004756.38,1580.0,785.6,-17.44,-8.41
Hathway Cable & Datacom Ltd.,HATHWAY,13,1,16.3,16.45,16.1,16.25,16.35,0.1,1,670321,10886013.04,28.7,14.35,-37.26,-10.22
Hatsun Agro Product Ltd.,HATSUN,8,1,874.7,886.25,869.75,881.15,875.0,-6.15,0,88204,77170561.64,1525.95,837.6,-1.4,-4.76
Havells India Ltd.,HAVELLS,5,1,1099.85,1120.0,1092.25,1098.2,1111.65,13.45,1,1848135,2049858935.25,1504.45,978.0,12.04,-8.62
HCL Technologies Ltd.,HCLTECH,12,1,964.5,981.45,964.2,973.25,979.05,5.8,1,2827579,2746681964.81,1377.75,944.05,-1.04,-6.49
Housing Development Finance Corporation Ltd.,HDFC,9,1,2155.0,2224.05,2133.1,2170.85,2205.3,34.45,1,2776869,6047243158.68,3021.1,2026.0,-12.3,-5.89
HDFC Asset Management Company Ltd.,HDFCAMC,9,1,1782.0,1839.0,1779.7,1792.35,1833.3,40.95,1,447884,814118746.8,3365.0,1690.0,-38.56,-5.51
HDFC Bank Ltd.,HDFCBANK,9,1,1343.95,1360.0,1330.05,1348.0,1354.95,6.95,1,5736226,7722508977.02,1725.0,1271.6,-10.01,-2.95
HDFC Life Insurance Company Ltd.,HDFCLIFE,9,1,549.95,567.3,540.55,550.0,567.0,17.0,1,2052291,1143741774.3,775.65,497.05,-19.86,-8.17
H.E.G. Ltd.,HEG,1,1,995.8,998.95,963.3,997.85,984.9,-12.95,0,69104,67787568.8,2629.0,890.8,-54.45,-11.08
Hemisphere Properties India Ltd.,HEMIPROP,17,1,105.85,106.0,102.75,105.3,105.0,-0.3,0,462015,48266707.05,165.9,95.0,-23.67,2.43
Hero MotoCorp Ltd.,HEROMOTOCO,0,1,2715.0,2770.0,2683.35,2719.7,2758.8,39.1,1,393346,1075824910.76,2968.95,2146.85,-6.3,-1.95
HFCL Ltd.,HFCL,19,1,55.15,55.7,54.25,55.15,54.95,-0.2,0,2275417,124943147.47,101.35,51.55,-18.3,-12.39
Hinduja Global Solutions Ltd.,HGS,18,1,1075.0,1080.55,1050.05,1067.1,1074.1,7.0,1,180181,193514394.0,3920.0,846.0,-11.06,11.13
Hikal Ltd.,HIKAL,11,1,239.85,243.6,234.15,239.0,238.95,-0.05,0,386423,92262355.48,742.0,212.0,-51.31,-27.67
Hindalco Industries Ltd.,HINDALCO,14,1,335.0,342.9,330.25,338.65,341.8,3.15,1,11278576,3788248106.88,636.0,308.95,-8.98,-19.86
Hindustan Copper Ltd.,HINDCOPPER,14,1,86.1,88.75,85.65,87.1,88.3,1.2,1,2962596,258130989.48,159.4,81.2,-39.56,-17.13
Hindustan Petroleum Corporation Ltd.,HINDPETRO,15,1,218.0,229.0,216.2,217.2,227.5,10.3,1,8196598,1840464114.92,354.8,206.5,-25.92,-4.65
Hindustan Unilever Ltd.,HINDUNILVR,8,1,2226.0,2293.0,2203.6,2230.6,2291.0,60.4,1,1235612,2788393244.28,2859.3,1901.55,-9.74,-5.21
Hindustan Zinc Ltd.,HINDZINC,14,1,246.0,249.0,245.35,249.35,247.75,-1.6,0,310474,76659135.34,408.6,245.1,-26.51,-17.15
HLE Glascoat Ltd.,HLEGLAS,1,1,3320.0,3447.9,3252.4,3295.2,3410.0,114.8,1,13768,46522898.08,7550.0,2950.0,-5.48,-4.13
Home First Finance Company India Ltd.,HOMEFIRST,9,1,746.95,748.0,726.05,743.7,733.95,-9.75,0,37017,27411828.84,921.3,525.05,37.4,-4.41
Honeywell Automation India Ltd.,HONAUT,1,1,34069.8,34069.8,33133.65,33787.7,33244.05,-543.65,0,1860,62036431.2,47275.95,30185.35,-19.23,4.96
Housing & Urban Development Corporation Ltd.,HUDCO,9,1,34.8,35.0,34.6,34.8,34.85,0.05,1,544695,18949939.05,56.15,30.6,-34.4,-3.2
Indiabulls Real Estate Ltd.,IBREALEST,17,1,61.2,62.3,60.15,60.95,61.7,0.75,1,4909229,299462969.0,195.9,60.15,-48.26,-18.9
Indiabulls Housing Finance Ltd.,IBULHSGFIN,9,1,94.5,96.4,93.1,94.75,96.2,1.45,1,12436219,1174725246.74,297.8,90.75,-63.7,-19.7
ICICI Bank Ltd.,ICICIBANK,9,1,703.45,706.75,694.1,707.2,706.0,-1.2,0,9884899,6924865994.45,867.0,629.8,12.09,-6.06
ICICI Lombard General Insurance Company Ltd.,ICICIGI,9,1,1120.0,1150.0,1105.85,1120.95,1144.0,23.05,1,228217,258033551.05,1675.0,1071.0,-28.47,-11.45
ICICI Prudential Life Insurance Company Ltd.,ICICIPRULI,9,1,489.0,502.45,484.2,489.0,501.75,12.75,1,757837,374288115.93,724.3,430.0,-20.19,-6.25
Indo Count Industries Ltd.,ICIL,20,1,131.25,138.0,130.4,131.05,136.5,5.45,1,387980,52474295.0,315.0,119.55,-22.98,-12.05
IDBI Bank Ltd.,IDBI,9,1,30.9,31.0,30.6,30.8,30.85,0.05,1,3091913,95076324.75,65.25,30.5,-18.73,-15.96
Vodafone Idea Ltd.,IDEA,19,1,8.35,8.6,8.2,8.4,8.5,0.1,1,65435996,547699286.52,16.8,4.55,-15.58,-12.5
IDFC Ltd.,IDFC,9,1,49.35,51.4,48.65,49.15,50.8,1.65,1,5859079,293422676.32,70.2,41.65,-8.81,-0.61
IDFC First Bank Ltd.,IDFCFIRSTB,9,1,31.35,32.45,30.6,31.45,32.4,0.95,1,38981951,1227541636.99,56.25,28.95,-41.97,-13.36
Indian Energy Exchange Ltd.,IEX,9,1,158.0,161.15,157.0,158.75,159.9,1.15,1,9279366,1476625511.58,318.67,124.45,-57.68,-18.44
IFB Industries Ltd.,IFBIND,5,1,903.0,903.0,885.8,899.6,894.9,-4.7,0,6449,5766953.76,1365.85,800.0,-11.98,3.77
Indraprastha Gas Ltd.,IGL,15,1,357.15,361.9,352.6,355.9,359.95,4.05,1,1103024,394121505.44,602.05,321.0,-36.19,-5.9
IIFL Finance Ltd.,IIFL,9,1,323.5,335.0,317.15,323.75,333.5,9.75,1,526247,172893189.38,396.0,242.9,-11.06,0.76
IIFL Wealth Management Ltd.,IIFLWAM,9,1,1488.5,1550.0,1458.95,1481.05,1543.0,61.95,1,191551,288908711.26,1908.3,1122.35,27.2,-5.45
Indian Hotels Co. Ltd.,INDHOTEL,6,1,222.1,228.1,220.4,225.15,226.3,1.15,1,3902317,873104405.58,268.95,129.17,59.17,-4.19
India Cements Ltd.,INDIACEM,4,1,156.5,161.8,154.65,156.5,160.55,4.05,1,2206090,350724188.2,259.95,145.45,-18.47,-7.45
Indiamart Intermesh Ltd.,INDIAMART,6,1,3822.5,3877.4,3791.05,3809.2,3818.0,8.8,1,98110,375615116.1,9710.7,3785.1,-45.52,-16.36
Indian Bank,INDIANB,9,1,148.35,150.75,146.65,149.85,149.65,-0.2,0,746419,110776043.79,194.95,115.1,3.56,-11.57
InterGlobe Aviation Ltd.,INDIGO,18,1,1610.55,1667.0,1591.6,1606.2,1651.8,45.6,1,692564,1130735391.52,2380.0,1511.75,-6.45,-12.64
Indigo Paints Ltd.,INDIGOPNTS,5,1,1404.5,1405.0,1372.7,1395.65,1388.0,-7.65,0,12205,16919913.55,2709.0,1353.6,-44.45,-12.79
Indoco Remedies Ltd.,INDOCO,11,1,368.25,372.95,365.65,367.05,370.0,2.95,1,21554,7949977.36,530.25,322.7,-11.06,3.94
IndusInd Bank Ltd.,INDUSINDBK,9,1,793.0,810.0,783.0,794.35,808.0,13.65,1,2796110,2241976920.2,1242.0,763.2,-21.84,-14.66
Indus Towers Ltd.,INDUSTOWER,19,1,210.0,210.9,204.5,209.1,208.35,-0.75,0,2187045,453177594.45,332.8,181.2,-12.38,3.62
Infibeam Avenues Ltd.,INFIBEAM,12,1,13.9,14.1,13.4,14.1,13.6,-0.5,0,2029884,27667318.92,28.05,12.5,-72.81,-4.41
Infosys Ltd.,INFY,12,1,1454.0,1485.0,1442.35,1461.9,1481.0,19.1,1,4651635,6800411271.9,1953.9,1367.15,-7.52,-2.77
Inox Leisure Ltd.,INOXLEISUR,13,1,509.1,525.0,503.0,508.45,523.2,14.75,1,441730,226943204.8,563.6,291.0,64.71,0.98
Intellect Design Arena Ltd.,INTELLECT,12,1,635.6,659.0,623.35,633.35,658.95,25.6,1,329488,211271000.48,986.65,562.65,-12.51,-5.89
Indian Overseas Bank,IOB,9,1,16.45,16.8,16.1,16.45,16.6,0.15,1,718064,11840875.36,29.0,15.25,-41.35,-10.11
Indian Oil Corporation Ltd.,IOC,15,1,75.0,75.15,72.85,74.25,74.7,0.45,1,22029311,1629728427.78,94.33,67.7,-31.19,-35.99
Ipca Laboratories Ltd.,IPCALAB,11,1,890.25,914.25,890.25,897.5,912.0,14.5,1,154987,140412022.52,1383.1,831.05,-55.71,-0.57
IRB Infrastructure Developers Ltd.,IRB,3,1,203.0,205.9,198.0,202.25,204.0,1.75,1,636428,128240242.0,345.85,148.05,25.31,-8.42
IRCON International Ltd.,IRCON,3,1,35.95,36.2,35.8,36.05,36.15,0.1,1,190000,6838100.0,53.4,34.8,-26.13,-9.99
Indian Railway Catering And Tourism Corporation Ltd.,IRCTC,6,1,576.2,585.8,575.7,576.2,578.3,2.1,1,1928361,1117909438.92,1279.26,404.29,-71.67,-16.81
Indian Railway Finance Corporation Ltd.,IRFC,9,1,19.7,20.05,19.6,19.65,20.0,0.35,1,2510750,49687742.5,26.4,19.3,-20.93,-7.31
ICICI Securities Ltd.,ISEC,9,1,427.1,429.6,412.0,428.9,413.5,-15.4,0,570584,237003476.08,896.05,408.4,-33.08,-4.05
ITC Ltd.,ITC,8,1,273.5,285.0,271.2,273.5,284.75,11.25,1,35165665,9842517976.85,285.0,200.9,34.93,1.05
ITI Ltd.,ITI,19,1,100.65,103.0,97.15,100.65,98.8,-1.85,0,1243276,124091377.56,143.8,81.0,-23.43,9.58
Jamna Auto Industries Ltd.,JAMNAAUTO,0,1,122.2,129.8,122.2,122.15,125.4,3.25,1,6199390,784966761.8,129.8,78.6,44.3,10.64
J.B. Chemicals & Pharmaceuticals Ltd.,JBCHEPHARM,11,1,1578.0,1587.0,1558.9,1572.65,1563.0,-9.65,0,15467,24327425.62,1985.0,1342.2,-5.56,-3.26
Jindal Steel & Power Ltd.,JINDALSTEL,14,1,326.2,334.6,322.05,329.25,333.0,3.75,1,4320099,1419973340.31,577.8,304.2,-17.16,-12.86
J.K. Cement Ltd.,JKCEMENT,4,1,2106.2,2160.9,2100.0,2108.95,2149.0,40.05,1,128324,274755799.64,3838.0,2003.7,-26.04,-11.47
JK Lakshmi Cement Ltd.,JKLAKSHMI,4,1,416.05,423.45,412.0,420.25,416.95,-3.3,0,92645,38667243.65,816.0,366.25,-27.22,-5.34
JK Paper Ltd.,JKPAPER,10,1,298.0,309.75,297.05,295.7,303.25,7.55,1,2270069,691690024.3,387.4,191.25,39.55,-12.06
JM Financial Ltd.,JMFINANCIL,9,1,61.5,61.5,59.5,60.95,59.65,-1.3,0,368055,22193716.5,117.7,57.1,-31.13,-7.02
Jindal Stainless Ltd.,JSL,14,1,100.0,100.6,97.35,99.8,99.8,0.75,0,492895,48845894.5,224.4,95.05,-8.98,-10.89
JSW Energy Ltd.,JSWENERGY,16,1,204.3,207.75,199.0,207.95,205.3,-2.65,0,662114,134740199.0,408.0,161.4,23.96,-24.83
JSW Steel Ltd.,JSWSTEEL,14,1,556.55,580.5,556.55,564.5,577.5,13.0,1,3737790,2128073358.6,790.0,520.05,-17.46,2.4
Jubilant Foodworks Ltd.,JUBLFOOD,6,1,512.25,545.0,508.5,512.25,541.15,28.9,1,5437843,2894998856.34,918.0,451.2,-83.37,-7.02
Jubilant Ingrevia Ltd.,JUBLINGREA,2,1,485.5,490.85,473.05,485.85,476.0,-9.85,0,163007,78083613.14,838.75,401.2,-7.18,-4.0
Jubilant Pharmova Ltd.,JUBLPHARMA,11,1,348.8,349.0,281.8,343.7,340.0,-3.7,0,71858,23945959.92,767.0,281.8,-53.06,-10.55
Justdial Ltd.,JUSTDIAL,6,1,560.0,569.1,551.05,565.25,558.0,-7.25,0,194406,108597135.66,1138.0,520.0,-41.18,-14.55
Jyothy Labs Ltd.,JYOTHYLAB,8,1,148.35,152.5,147.5,149.65,150.0,2.85,1,771549,115686057.06,187.3,130.15,-3.33,0.44
Kajaria Ceramics Ltd.,KAJARIACER,5,1,947.7,965.0,937.2,947.7,952.0,4.3,1,72125,68652902.5,1374.9,885.3,-3.29,-8.24
Kalpataru Power Transmission Ltd.,KALPATPOWR,3,1,354.0,358.75,353.15,356.7,354.85,-1.85,0,17142,6076667.58,496.0,331.8,-16.23,-1.07
Kalyan Jewellers India Ltd.,KALYANKJIL,5,1,58.5,61.8,58.05,59.9,61.3,1.4,1,501257,30220784.53,83.6,55.05,-23.45,-0.42
Kansai Nerolac Paints Ltd.,KANSAINER,5,1,372.35,375.0,368.3,370.5,370.05,-0.45,0,269671,99896925.24,675.0,358.15,-35.59,-7.42
Karur Vysya Bank Ltd.,KARURVYSYA,9,1,44.95,44.95,43.7,44.95,44.25,-0.7,0,1017461,45022649.25,60.7,38.4,-13.06,-6.01
Kec International Ltd.,KEC,1,1,393.15,393.15,384.1,391.25,386.1,-5.15,0,149531,57938776.57,550.0,345.5,-13.59,-1.22
KEI Industries Ltd.,KEI,1,1,1152.55,1208.0,1152.5,1152.55,1200.0,47.45,1,340326,406628311.32,1377.35,687.5,66.21,-6.77
Krishna Institute of Medical Sciences Ltd.,KIMS,11,1,1182.0,1233.45,1167.0,1184.55,1210.0,25.45,1,44951,54397452.65,1565.0,937.55,25.08,-9.68
KNR Constructions Ltd.,KNRCON,3,1,230.5,236.15,228.75,233.05,235.7,2.65,1,58500,13689585.0,343.9,207.5,-2.31,-10.37
Kotak Mahindra Bank Ltd.,KOTAKBANK,9,1,1645.0,1679.5,1636.0,1661.1,1678.0,16.9,1,2300514,3822234995.58,2253.0,1626.0,-2.62,-10.06
KPIT Technologies Ltd.,KPITTECH,12,1,512.0,514.95,495.4,517.65,500.9,-16.75,0,940281,471738977.7,801.0,245.2,99.33,-2.39
K.P.R. Mill Ltd.,KPRMILL,20,1,516.0,516.4,506.5,515.65,508.5,-7.15,0,121702,62085058.28,769.0,304.0,-66.13,-17.94
KRBL Ltd.,KRBL,8,1,217.0,218.8,215.3,217.85,216.7,-1.15,0,62909,13657543.9,337.95,184.5,-7.49,-0.86
L&T Finance Holdings Ltd.,L&TFH,9,1,67.0,68.95,66.3,67.6,68.8,1.7,1,3855009,260752808.76,95.95,58.5,-27.23,-10.82
Dr. Lal Path Labs Ltd.,LALPATHLAB,11,1,2167.95,2248.0,2148.45,2160.4,2235.1,74.7,1,210696,464932328.4,4245.5,1805.55,-33.98,3.63
Latent View Analytics Ltd.,LATENTVIEW,12,1,332.0,336.8,330.3,333.95,335.15,1.2,1,212311,70890642.9,754.9,305.25,-11.06,-16.67
Laurus Labs Ltd.,LAURUSLABS,11,1,464.0,467.1,459.5,464.7,466.8,2.1,1,443092,205311109.12,723.75,436.8,-32.52,-18.11
Lakshmi Machine Works Ltd.,LAXMIMACH,1,1,9050.0,9068.0,8876.0,8981.85,9068.0,86.15,1,1507,13561553.28,11790.0,6499.95,37.88,-3.93
LIC Housing Finance Ltd.,LICHSGFIN,9,1,326.9,339.25,319.9,327.35,337.0,9.65,1,2366258,784012263.14,476.55,291.75,-30.35,-13.4
Linde India Ltd.,LINDEINDIA,2,1,3150.0,3248.0,3111.0,3198.15,3224.0,25.85,1,40600,129405192.0,4190.0,1564.1,94.42,6.85
Macrotech Developers Ltd.,LODHA,17,1,1060.05,1070.95,1045.0,1069.0,1068.7,-0.3,0,39067,41512984.87,1539.0,645.0,56.37,10.41
Larsen & Toubro Ltd.,LT,3,1,1560.95,1576.0,1534.6,1558.25,1571.8,13.55,1,1294305,2016255385.95,2078.55,1456.35,3.85,-5.82
Larsen & Toubro Infotech Ltd.,LTI,12,1,3945.0,4015.95,3905.25,3975.45,4000.65,25.2,1,268702,1067066695.38,7588.8,3733.3,-2.35,-6.54
L&T Technology Services Ltd.,LTTS,12,1,2995.0,3027.2,2937.0,3030.8,2984.0,-46.8,0,364261,1087584995.53,5955.5,2801.0,4.4,-13.46
Lupin Ltd.,LUPIN,11,1,613.1,630.55,608.7,610.95,627.3,16.35,1,908035,561083906.85,1191.55,583.0,-46.83,-1.24
Lux Industries Ltd.,LUXIND,20,1,1754.45,1765.0,1729.05,1754.45,1740.0,-14.45,0,15428,26888535.52,4644.0,1684.85,-50.96,-12.56
Laxmi Organic Industries Ltd.,LXCHEM,2,1,283.0,287.35,280.6,284.65,287.0,2.35,1,338168,96235849.44,628.0,219.6,29.18,-22.65
Mahindra & Mahindra Ltd.,M&M,0,1,1092.4,1113.35,1064.0,1093.15,1107.0,13.85,1,2839545,3101862167.1,1121.45,671.15,40.56,5.68
Mahindra & Mahindra Financial Services Ltd.,M&MFIN,9,1,176.05,179.7,171.05,175.4,177.2,1.8,1,2173337,380899042.62,206.35,128.0,11.65,-1.63
Bank of Maharashtra,MAHABANK,9,1,15.6,15.7,15.5,15.55,15.65,0.1,1,892261,13910348.99,26.3,15.0,-38.78,-11.9
Mahindra CIE Automotive Ltd.,MAHINDCIE,0,1,233.0,233.1,226.1,233.1,229.95,-3.15,0,276850,63426335.0,312.0,163.95,-1.89,19.63
Mahindra Logistics Ltd.,MAHLOG,18,1,474.0,474.0,455.0,471.65,461.0,-10.65,0,17972,8287068.92,821.0,391.1,-14.55,2.67
Manappuram Finance Ltd.,MANAPPURAM,9,1,84.9,89.6,83.65,85.0,88.25,3.25,1,13581092,1194185419.56,224.5,81.5,-49.63,-11.04
C.E. Info Systems Ltd.,MAPMYINDIA,12,1,1399.9,1421.25,1373.2,1411.9,1407.0,-4.9,0,83012,116391955.32,1917.4,1128.8,-11.06,6.27
Marico Ltd.,MARICO,8,1,478.0,493.0,477.6,477.9,492.0,14.1,1,846365,411604226.8,607.7,455.65,-9.97,-10.45
Maruti Suzuki India Ltd.,MARUTI,0,1,8440.0,8450.0,8305.6,8470.75,8399.95,-70.8,0,530569,4440634385.33,9050.0,6536.55,12.7,6.33
Mastek Ltd.,MASTEK,12,1,2130.0,2133.05,2081.3,2145.0,2093.0,-52.0,0,27911,58699624.1,3669.0,1850.7,-5.34,-19.45
Max Healthcare Institute Ltd.,MAXHEALTH,11,1,364.6,367.05,357.0,366.95,360.05,-6.9,0,326670,118052004.6,458.05,250.6,44.18,-3.52
Mazagoan Dock Shipbuilders Ltd.,MAZDOCK,1,1,246.7,249.95,241.55,246.25,249.1,2.85,1,68727,16861482.18,342.4,221.1,1.34,-11.02
United Spirits Ltd.,MCDOWELL-N,8,1,760.5,791.5,754.05,759.75,787.1,27.35,1,2124003,1649755610.16,1019.95,629.1,14.83,-6.13
Multi Commodity Exchange of India Ltd.,MCX,9,1,1305.95,1324.45,1275.5,1307.95,1282.95,-25.0,0,433916,564494341.88,2135.0,1143.0,-14.04,-4.64
Medplus Health Services Ltd.,MEDPLUS,6,1,770.0,770.0,750.0,767.3,750.1,-17.2,0,10669,8052107.68,1343.0,708.0,-11.06,-11.22
Metro Brands Ltd.,METROBRAND,5,1,600.0,631.25,600.0,598.75,617.5,18.75,1,582857,359389626.2,673.0,426.0,-11.06,0.39
Metropolis Healthcare Ltd.,METROPOLIS,11,1,1400.0,1439.95,1397.05,1406.45,1435.1,28.65,1,100318,142381337.4,3579.9,1378.05,-50.4,-12.98
Max Financial Services Ltd.,MFSL,9,1,782.35,808.4,772.15,782.35,802.2,19.85,1,320516,254855092.24,1148.05,696.5,-26.22,-1.55
Mahanagar Gas Ltd.,MGL,15,1,760.55,771.0,757.05,760.6,770.7,10.1,1,170132,130261565.8,1212.0,665.8,-33.08,0.56
Mahindra Holidays & Resorts India Ltd.,MHRIL,6,1,213.5,231.0,211.1,214.4,227.0,12.6,1,1395618,315423624.18,274.9,165.43,-14.26,-3.01
Minda Industries Ltd.,MINDAIND,0,1,925.0,947.0,900.0,923.15,943.7,20.55,1,178456,167143674.16,1257.4,629.15,44.15,0.09
MindTree Ltd.,MINDTREE,12,1,2874.0,2905.9,2810.0,2887.05,2890.75,3.7,1,582730,1666776791.7,5060.0,2457.55,11.02,-5.27
MMTC Ltd.,MMTC,18,1,39.4,40.35,38.9,39.2,39.35,0.15,1,1476769,58435749.33,64.7,31.0,-30.74,-4.51
MOIL Ltd.,MOIL,14,1,141.6,142.9,140.7,140.1,141.85,1.75,1,95406,13533341.1,201.9,137.3,-27.13,-13.01
Motilal Oswal Financial Services Ltd.,MOTILALOFS,9,1,754.1,766.0,745.0,766.5,753.3,-10.2,0,27524,20773739.0,1188.0,714.0,-2.22,-3.33
MphasiS Ltd.,MPHASIS,12,1,2279.2,2299.45,2220.1,2294.05,2239.9,-54.15,0,332856,746179938.0,3659.75,2076.05,7.49,-11.55
MRF Ltd.,MRF,0,1,70300.0,72500.0,70300.0,70800.9,71900.0,0.75,1,5409,386007226.92,87550.0,63000.0,-11.59,-8.82
Mangalore Refinery & Petrochemicals Ltd.,MRPL,15,1,88.05,91.25,81.55,90.6,81.55,-9.05,0,26739501,2226330853.26,127.65,37.05,76.61,11.65
MTAR Technologies Ltd.,MTARTECH,1,1,1279.0,1279.0,1238.95,1271.25,1241.0,-30.25,0,104163,130305829.74,2563.3,1010.95,12.78,-10.9
Muthoot Finance Ltd.,MUTHOOTFIN,9,1,980.0,1048.3,977.1,976.3,1039.8,63.5,1,1982052,2016083832.84,1721.95,960.4,-34.11,-14.59
Nippon Life India Asset Management Ltd.,NAM-INDIA,9,1,270.6,273.9,269.05,271.25,272.0,0.75,1,205261,55794045.02,476.45,259.0,-25.93,-4.49
NATCO Pharma Ltd.,NATCOPHARM,11,1,652.0,653.0,642.7,649.8,647.0,-2.8,0,48437,31447237.88,1189.0,607.75,-42.46,-5.96
National Aluminium Co. Ltd.,NATIONALUM,14,1,68.0,68.9,67.0,68.8,68.65,-0.15,0,16360489,1116276164.47,132.7,67.0,-12.19,-28.48
Info Edge (India) Ltd.,NAUKRI,6,1,3771.9,3774.0,3606.0,3758.8,3720.65,-38.15,0,413841,1521109841.19,7465.4,3313.0,-23.54,-9.74
Navin Fluorine International Ltd.,NAVINFLUOR,2,1,3665.0,3696.85,3557.95,3651.6,3675.0,23.4,1,112850,410425293.5,4329.0,3202.5,-2.6,-6.95
Nazara Technologies Ltd.,NAZARA,13,1,670.0,676.9,638.3,671.4,649.9,-21.5,0,302182,197974537.3,1678.0,475.05,-55.68,-44.79
NBCC (India) Ltd.,NBCC,3,1,28.5,28.8,28.1,28.4,28.8,0.4,1,1801802,51189194.82,55.5,26.55,-47.36,-15.35
NCC Ltd.,NCC,3,1,54.05,55.95,53.1,54.1,55.2,1.1,1,2281956,124389421.56,98.5,52.2,-37.71,-16.19
NESCO Ltd.,NESCO,18,1,550.0,555.5,545.6,550.85,553.6,2.75,1,12047,6631150.68,696.8,501.95,-9.09,1.71
Nestle India Ltd.,NESTLEIND,8,1,17400.0,17829.4,17331.05,17470.0,17800.0,330.0,1,38547,681238432.71,20609.15,16000.0,-0.92,-1.25
Network18 Media & Investments Ltd.,NETWORK18,13,1,68.2,68.75,66.5,69.0,67.45,-1.55,0,1455769,98468215.16,117.5,46.0,37.86,-8.61
Narayana Hrudayalaya Ltd.,NH,11,1,634.1,644.35,631.5,632.55,640.0,7.45,1,50400,32060448.0,777.0,468.3,28.5,-3.38
NHPC Ltd.,NHPC,16,1,30.65,31.35,30.6,30.75,30.95,0.2,1,6808415,211197033.3,37.6,25.3,17.37,-8.62
The New India Assurance Company Ltd.,NIACL,9,1,79.8,80.6,78.15,79.8,78.9,-0.9,0,289192,22805681.12,178.4,78.15,-52.95,-21.26
NLC India Ltd.,NLCINDIA,16,1,63.6,64.25,61.6,63.65,62.75,-0.9,0,2402689,150240143.17,92.4,49.8,4.26,-15.64
NMDC Ltd.,NMDC,14,1,107.15,110.0,106.35,108.2,109.85,1.65,1,5571985,602833057.15,186.9,101.55,-41.23,-14.2
NOCIL Ltd.,NOCIL,2,1,253.75,254.5,244.35,253.2,247.7,-5.5,0,373166,92500388.08,321.3,190.7,16.92,3.54
NTPC Ltd.,NTPC,16,1,142.0,143.2,139.75,142.9,141.1,-1.8,0,9592229,1355381957.7,166.35,111.95,22.77,-8.4
Nuvoco Vistas Corporation Ltd.,NUVOCO,4,1,299.0,307.4,292.5,296.85,305.0,8.15,1,150042,44912071.86,577.9,260.25,-11.06,-1.54
FSN E-Commerce Ventures Ltd.,NYKAA,6,1,1399.8,1420.0,1381.4,1406.95,1405.05,-1.9,0,143804,201378807.48,2573.7,1207.5,-11.06,-5.86
Oberoi Realty Ltd.,OBEROIRLTY,17,1,734.35,751.0,731.35,737.65,740.25,2.6,1,563385,418724633.55,1051.9,605.5,17.14,-8.45
Oracle Financial Services Software Ltd.,OFSS,12,1,3090.25,3123.9,3044.25,3098.3,3064.05,-34.25,0,61691,188830598.81,5145.0,2950.0,-15.15,-5.94
Oil India Ltd.,OIL,15,1,245.5,249.45,210.05,251.5,214.2,-37.3,0,16490601,3699501428.34,306.0,153.1,59.99,5.47
Oil & Natural Gas Corporation Ltd.,ONGC,15,1,148.95,151.15,130.0,151.55,131.4,-20.15,0,125788305,17143688088.45,194.95,108.5,28.76,0.2
Orient Electric Ltd.,ORIENTELEC,5,1,272.3,274.95,265.1,272.05,274.3,2.25,1,43089,11637477.12,408.0,244.0,-13.24,-2.79
Page Industries Ltd.,PAGEIND,20,1,40199.0,41599.9,40124.95,40166.5,41236.6,0.75,1,13064,535251806.64,46737.7,29119.95,36.06,-11.12
One 97 Communications Ltd.,PAYTM,9,1,672.9,675.7,652.0,675.7,657.7,-18.0,0,3069693,2027839195.8,1955.0,510.05,-11.06,3.48
PCBL Ltd.,PCBL,2,1,104.0,106.4,103.05,104.75,104.0,-0.75,0,547189,57274272.63,138.65,89.0,-11.06,-0.76
Piramal Enterprises Ltd.,PEL,9,1,1661.5,1682.9,1626.3,1655.7,1672.0,16.3,1,536946,887040161.46,3014.95,1560.1,-30.96,-12.63
Persistent Systems Ltd.,PERSISTENT,12,1,3385.0,3422.25,3270.05,3401.8,3329.0,-72.8,0,234003,777882132.72,4987.5,2725.05,15.75,-9.52
Petronet LNG Ltd.,PETRONET,15,1,215.3,222.4,214.8,217.3,220.6,3.3,1,2021428,439842518.52,243.55,190.25,-3.76,-4.23
Power Finance Corporation Ltd.,PFC,9,1,104.3,106.1,103.2,104.45,105.9,1.45,1,2843672,298670870.16,153.75,97.1,-18.91,-6.2
Pfizer Ltd.,PFIZER,11,1,4105.0,4117.95,4077.5,4080.35,4103.0,22.65,1,4025,16489096.75,6175.0,4060.0,-28.05,-5.39
Procter & Gamble Hygiene & Health Care Ltd.,PGHH,8,1,13330.0,13450.0,13224.6,13369.15,13450.0,80.85,1,23356,311314226.04,16448.7,12310.1,0.47,-3.25
Procter & Gamble Health Ltd.,PGHL,11,1,4192.0,4194.25,4102.1,4190.85,4111.0,-79.85,0,3956,16433184.44,5851.75,3901.05,-24.49,-1.82
Phoenix Mills Ltd.,PHOENIXLTD,17,1,1183.7,1214.0,1162.8,1183.7,1173.05,-10.65,0,172501,205640167.11,1244.95,793.4,45.21,1.44
Pidilite Industries Ltd.,PIDILITIND,2,1,2099.95,2164.35,2082.8,2089.9,2158.0,68.1,1,501109,1067727979.57,2764.7,1988.55,-2.97,-6.93
PI Industries Ltd.,PIIND,2,1,2559.5,2590.25,2511.95,2559.5,2576.1,16.6,1,79059,202265336.19,3534.9,2333.55,-12.06,-7.21
Punjab National Bank,PNB,9,1,29.05,29.6,28.75,29.0,29.55,0.55,1,17767070,518087761.2,48.2,28.05,-31.44,-7.5
PNB Housing Finance Ltd.,PNBHOUSING,9,1,329.55,329.55,324.65,330.3,327.55,-2.75,0,59692,19533610.08,784.4,311.45,-11.06,1.55
PNC Infratech Ltd.,PNCINFRA,3,1,243.0,243.0,236.05,242.15,237.65,-4.5,0,90779,21687103.1,395.9,219.0,-16.05,-1.16
PB Fintech Ltd.,POLICYBZR,9,1,571.95,603.0,571.4,572.95,585.05,12.1,1,543062,322052057.86,1470.0,540.1,-11.06,-13.67
Polycab India Ltd.,POLYCAB,1,1,2202.5,2216.8,2156.25,2201.2,2180.0,-21.2,0,409500,894397140.0,2820.0,1762.0,11.45,-9.85
Poly Medicure Ltd.,POLYMED,11,1,750.9,769.15,729.4,750.85,738.95,-11.9,0,23654,17687988.12,1094.25,651.1,-26.14,0.14
Polyplex Corporation Ltd.,POLYPLEX,1,1,2204.0,2248.65,2167.95,2202.3,2236.0,33.7,1,146621,324750852.9,2870.2,1325.45,58.75,-6.98
Poonawalla Fincorp Ltd.,POONAWALLA,9,1,227.5,232.0,224.1,227.7,230.45,2.75,1,2033688,465165456.24,343.8,140.75,-11.06,-12.24
Power Grid Corporation of India Ltd.,POWERGRID,16,1,211.05,212.9,205.2,211.9,206.55,-5.35,0,8350248,1735766051.76,248.35,167.15,-8.82,-9.02
Hitachi Energy India Ltd.,POWERINDIA,1,1,3168.3,3175.0,3092.0,3151.7,3100.0,-51.7,0,17764,55873997.4,4042.6,1741.0,66.73,-10.72
Praj Industries Ltd.,PRAJIND,1,1,364.9,364.9,357.4,363.9,358.5,-5.4,0,207864,74752051.68,448.0,289.05,-11.06,6.17
Prestige Estates Projects Ltd.,PRESTIGE,17,1,385.0,391.75,381.1,387.15,387.4,0.25,1,209983,81070236.64,554.9,284.0,33.71,-9.79
Prince Pipes and Fittings Ltd.,PRINCEPIPE,1,1,593.15,603.0,590.15,598.15,594.5,-3.65,0,51385,30605933.7,897.0,549.3,-16.74,-4.99
Privi Speciality Chemicals Ltd.,PRIVISCL,2,1,1075.75,1076.0,1040.0,1087.3,1072.0,-15.3,0,16783,17740470.15,2249.0,1015.3,-2.0,-6.87
Prism Johnson Ltd.,PRSMJOHNSN,4,1,107.95,108.45,106.1,107.95,107.5,-0.45,0,24056,2587222.8,160.0,96.65,-17.34,-6.01
PVR Ltd.,PVR,13,1,1860.85,1895.0,1828.9,1860.85,1888.0,27.15,1,358082,664456959.2,2003.8,1224.05,39.43,1.13
Quess Corp Ltd.,QUESS,18,1,613.5,613.5,592.1,613.65,598.5,-15.15,0,76594,46016143.32,989.9,527.4,-24.98,-12.84
Radico Khaitan Ltd,RADICO,8,1,872.0,898.9,860.25,872.5,871.85,-0.65,0,257073,226039147.44,1294.0,723.2,14.94,8.47
Railtel Corporation Of India Ltd.,RAILTEL,19,1,91.15,91.65,90.7,91.1,91.05,-0.05,0,162424,14801699.12,150.4,84.0,-35.57,-6.28
Rain Industries Ltd,RAIN,2,1,145.5,149.55,144.1,146.5,148.75,2.25,1,946679,139067145.1,272.75,128.6,-24.74,-12.85
Rajesh Exports Ltd.,RAJESHEXPO,5,1,622.0,630.85,615.0,625.4,621.0,-4.4,0,128888,79999492.72,994.7,518.5,10.77,15.46
Rallis India Ltd.,RALLIS,2,1,189.0,189.6,186.35,188.65,188.8,0.15,1,219820,41279997.8,341.85,182.5,-41.94,-5.77
The Ramco Cements Ltd.,RAMCOCEM,4,1,634.0,648.95,613.75,636.8,646.0,9.2,1,327788,209502422.32,1132.7,575.65,-37.92,-8.87
Ratnamani Metals & Tubes Ltd.,RATNAMANI,1,1,1634.05,1659.7,1553.55,1654.4,1580.0,-74.4,0,107552,170150490.56,1913.7,1237.07,-19.33,-37.18
Restaurant Brands Asia Ltd.,RBA,6,1,112.0,113.05,108.85,111.0,109.7,-1.3,0,978252,108732709.8,189.7,86.5,-11.06,14.2
RBL Bank Ltd.,RBLBANK,9,1,82.95,86.7,82.1,83.45,85.95,2.5,1,16258460,1376278639.0,226.4,74.15,-60.36,-25.69
Rashtriya Chemicals & Fertilizers Ltd.,RCF,2,1,77.95,78.7,76.1,78.15,78.7,0.55,1,1110880,86082091.2,112.65,66.0,-6.52,-18.34
REC Ltd.,RECLTD,9,1,122.8,126.0,120.1,123.75,125.75,2.0,1,19076925,2358671007.0,168.85,109.65,-16.69,3.86
Redington (India) Ltd.,REDINGTON,18,1,125.0,128.0,122.6,125.55,127.4,1.85,1,1081859,135340560.9,179.2,109.4,-53.05,-3.42
Relaxo Footwears Ltd.,RELAXO,5,1,961.0,979.0,960.1,963.85,970.45,6.6,1,41820,40657822.2,1448.0,925.0,-16.33,-2.75
Reliance Industries Ltd.,RELIANCE,15,1,2574.9,2592.0,2365.0,2595.65,2406.0,-189.65,0,37841671,92119871798.85,2856.15,2016.25,22.98,-1.41
Shree Renuka Sugars Ltd.,RENUKA,8,1,46.5,46.5,45.1,46.4,45.6,-0.8,0,8262303,377752493.16,63.2,21.5,17.92,-1.07
RHI MAGNESITA INDIA LTD.,RHIM,1,1,502.5,513.95,497.65,501.5,501.95,0.45,1,165626,83506972.94,674.0,317.3,-11.06,-6.55
RITES Ltd.,RITES,3,1,234.0,235.15,232.25,234.85,234.95,0.1,1,29804,6981288.96,317.9,226.2,-14.96,-4.78
Rossari Biotech Ltd.,ROSSARI,2,1,880.8,882.0,850.4,873.05,874.8,1.75,1,20002,17471947.02,1619.0,795.1,-26.84,0.05
Route Mobile Ltd.,ROUTE,19,1,1242.0,1290.0,1241.05,1242.85,1267.0,24.15,1,655866,830962546.02,2389.0,1052.0,-27.88,-10.73
RattanIndia Enterprises Ltd.,RTNINDIA,18,1,43.0,43.2,41.2,42.4,41.75,-0.65,0,622861,26029361.19,71.0,30.5,-11.06,-13.91
Rail Vikas Nigam Ltd.,RVNL,3,1,30.1,30.25,29.8,30.0,30.0,0.75,0,763473,22896555.27,44.8,27.5,-10.98,-7.41
Steel Authority of India Ltd.,SAIL,14,1,68.2,70.2,67.85,68.55,69.9,1.35,1,20563587,1415391693.21,145.9,63.6,-47.51,-9.74
Sanofi India Ltd.,SANOFI,11,1,6415.0,6435.05,6333.0,6437.4,6376.85,-60.55,0,11452,72904577.2,9285.0,6333.0,-16.1,-5.92
Sapphire Foods India Ltd.,SAPPHIRE,6,1,1084.0,1104.0,1070.45,1085.0,1086.0,1.0,1,145969,157913643.27,1540.0,909.0,-11.06,2.09
Saregama India Ltd,SAREGAMA,13,1,362.9,368.95,353.65,361.95,359.95,-2.0,0,120158,43447931.22,550.59,295.3,-11.06,-16.26
SBI Cards and Payment Services Ltd.,SBICARD,9,1,767.8,777.55,763.75,768.25,771.85,3.6,1,1073345,829083878.35,1165.0,655.7,-20.83,-1.51
SBI Life Insurance Company Ltd.,SBILIFE,9,1,1085.45,1105.35,1075.0,1081.6,1100.25,18.65,1,696341,760118872.19,1293.25,996.05,7.29,-7.88
State Bank of India,SBIN,9,1,463.35,468.8,460.55,465.9,468.5,2.6,1,9405495,4374119504.7,549.0,401.25,11.14,-0.47
Schaeffler India Ltd.,SCHAEFFLER,0,1,2289.0,2289.0,2250.0,2290.5,2260.0,-30.5,0,46062,104262718.86,9700.0,1598.0,-59.35,-0.44
Shipping Corporation of India Ltd.,SCI,18,1,97.25,98.0,95.75,97.65,96.85,-0.8,0,367655,35618416.4,160.2,85.6,-11.79,-17.42
Sequent Scientific Ltd.,SEQUENT,11,1,93.55,93.55,91.2,92.85,93.0,0.15,1,625299,57690085.74,328.7,82.0,-70.32,-15.78
Sheela Foam Ltd.,SFL,5,1,2649.0,2679.0,2612.0,2660.45,2651.0,-9.45,0,3071,8128230.67,4055.0,2185.6,19.27,-11.46
Shilpa Medicare Ltd.,SHILPAMED,11,1,389.35,398.0,381.0,389.35,397.75,8.4,1,69762,27260896.74,670.4,380.0,-27.78,-10.37
Shree Cement Ltd.,SHREECEM,4,1,19050.0,19272.0,18898.85,19009.7,19233.05,223.35,1,17699,338754081.27,31469.95,17865.2,-30.89,-14.05
Shriram City Union Finance Ltd.,SHRIRAMCIT,9,1,1660.55,1707.05,1657.25,1660.55,1705.9,45.35,1,35205,59115883.95,2602.0,1416.05,-3.06,-3.26
Shyam Metalics and Energy Ltd.,SHYAMMETL,14,1,282.0,282.45,275.7,280.45,277.0,-3.45,0,62789,17444667.87,461.15,273.1,-24.12,-10.36
Siemens Ltd.,SIEMENS,1,1,2381.0,2425.0,2366.3,2400.45,2410.0,9.55,1,208443,502199635.47,2576.85,1920.0,18.77,-1.38
SIS Ltd.,SIS,18,1,456.0,456.0,449.8,453.9,452.0,-1.9,0,29489,13327553.55,560.0,420.0,5.56,-3.31
SJVN Ltd.,SJVN,16,1,26.8,27.55,26.7,26.9,27.4,0.5,1,834442,22588344.94,33.75,25.35,-3.58,-2.36
SKF India Ltd.,SKFINDIA,1,1,3620.0,3786.65,3578.05,3637.8,3720.0,82.2,1,68901,249967315.92,4239.95,2502.3,35.72,1.1
Sobha Ltd.,SOBHA,17,1,569.0,577.9,551.3,577.05,555.0,-22.05,0,338751,191191064.4,1044.95,462.0,22.5,4.99
Solara Active Pharma Sciences Ltd.,SOLARA,11,1,350.0,354.55,341.0,352.3,346.0,-6.3,0,56960,19701324.8,1827.0,320.0,-79.09,-15.14
Solar Industries India Ltd.,SOLARINDS,2,1,2725.2,2769.95,2702.2,2745.3,2715.0,-30.3,0,53477,145652096.28,3189.95,1550.0,73.21,4.78
Sona BLW Precision Forgings Ltd.,SONACOMS,0,1,551.1,570.0,547.0,553.8,569.0,15.2,1,352045,197391631.5,839.9,333.25,61.79,-0.65
Sonata Software Ltd.,SONATSOFTW,12,1,669.45,671.95,655.0,669.45,655.0,-14.45,0,57392,38285055.36,1024.9,610.1,-10.36,-2.29
Sun Pharma Advanced Research Company Ltd.,SPARC,11,1,209.1,209.7,202.35,209.1,204.0,-5.1,0,145955,29906179.5,349.0,170.45,-8.99,-5.94
Spicejet Ltd.,SPICEJET,18,1,37.9,39.5,37.7,38.15,39.05,0.9,1,2091895,81416553.4,87.3,37.15,-52.9,-19.6
SRF Ltd.,SRF,2,1,2230.0,2239.75,2133.05,2252.2,2161.4,-90.8,0,809031,1754035840.17,2773.35,1418.8,-69.04,-8.6
Shriram Transport Finance Co. Ltd.,SRTRANSFIN,9,1,1266.2,1274.8,1238.5,1281.35,1264.0,-17.35,0,1071657,1348476719.67,1696.4,1002.0,-4.57,8.94
Strides Pharma Science Ltd.,STAR,11,1,325.05,340.0,325.05,330.7,337.0,6.3,1,632891,210695742.81,818.0,263.35,-56.45,-0.54
Star Health and Allied Insurance Company Ltd.,STARHEALTH,9,1,490.0,490.0,469.05,488.7,475.9,-12.8,0,1600279,758932315.75,940.0,469.05,-11.06,-28.43
Sterlite Technologies Ltd.,STLTECH,19,1,148.5,150.1,145.05,148.45,147.5,-0.95,0,374778,55276007.22,318.0,135.5,-43.85,-14.71
Sudarshan Chemical Industries Ltd.,SUDARSCHEM,2,1,419.25,423.8,416.8,419.25,420.0,0.75,1,25363,10650684.59,794.0,402.0,-38.37,-8.27
Sumitomo Chemical India Ltd.,SUMICHEM,2,1,424.15,425.95,420.95,424.15,422.75,-1.4,0,84550,35780714.5,492.0,344.25,9.81,-8.49
Sundaram Finance Ltd.,SUNDARMFIN,9,1,1735.25,1799.0,1735.25,1761.65,1798.5,36.85,1,6156,10914464.88,2729.0,1555.0,-34.14,8.31
Sundram Fasteners Ltd.,SUNDRMFAST,0,1,724.0,752.0,718.45,724.9,747.0,22.1,1,46481,34167253.48,993.7,673.05,-10.36,-7.08
Sun Pharmaceutical Industries Ltd.,SUNPHARMA,11,1,829.9,836.95,825.0,830.6,830.8,0.2,1,2316527,1921188502.18,967.05,664.2,22.97,-3.49
Sunteck Realty Ltd.,SUNTECK,17,1,498.3,514.0,491.55,496.55,511.0,14.45,1,1770328,895184056.48,589.9,292.05,68.87,9.73
Sun TV Network Ltd.,SUNTV,13,1,413.8,425.7,411.85,412.55,423.5,10.95,1,2838077,1191935578.46,612.0,402.55,-22.12,-7.4
Suprajit Engineering Ltd.,SUPRAJIT,0,1,330.05,339.75,326.0,332.45,337.25,4.8,1,108993,36269600.61,474.9,272.05,17.81,-1.79
Supreme Industries Ltd.,SUPREMEIND,1,1,1760.05,1780.0,1752.45,1766.85,1761.0,-5.85,0,10943,19356306.69,2693.9,1666.25,-18.37,-3.82
Suven Pharmaceuticals Ltd.,SUVENPHAR,11,1,460.0,465.0,457.7,462.3,460.1,-2.2,0,46758,21604066.32,631.75,425.7,-3.68,-7.53
Suzlon Energy Ltd.,SUZLON,1,1,6.75,6.95,6.7,6.85,6.8,-0.05,0,36152847,244754774.19,13.1,5.7,-14.38,-19.88
Sterling and Wilson Renewable Energy Ltd.,SWSOLAR,3,1,294.8,300.0,290.1,296.6,298.5,1.9,1,97483,28705819.01,509.1,248.1,9.02,-9.71
Symphony Ltd.,SYMPHONY,5,1,876.95,879.5,855.05,876.7,865.5,-11.2,0,180991,156613322.21,1215.0,828.0,-14.78,-12.71
Syngene International Ltd.,SYNGENE,11,1,550.0,564.1,544.8,554.75,563.0,8.25,1,135870,75301871.4,700.0,510.05,-4.89,-3.1
Tanla Platforms Ltd.,TANLA,12,1,998.0,1004.0,980.3,1004.65,1002.0,-2.65,0,160015,159008505.65,2096.75,780.0,-11.06,-24.38
Tata Chemicals Ltd.,TATACHEM,2,1,791.0,804.9,773.35,793.35,800.0,6.65,1,770388,605756084.4,1158.0,719.3,9.61,-16.36
Tata Coffee Ltd.,TATACOFFEE,8,1,193.9,199.0,192.25,193.9,198.25,4.35,1,568731,111198285.12,254.4,178.6,3.33,-6.58
Tata Communications Ltd.,TATACOMM,19,1,917.45,937.4,908.9,914.25,931.0,16.75,1,283046,261489216.64,1591.95,856.25,-28.97,-7.19
Tata Consumer Products Ltd.,TATACONSUM,8,1,700.0,722.95,697.0,706.35,721.5,15.15,1,954981,679086989.1,889.0,650.2,-6.37,-7.03
Tata Elxsi Ltd.,TATAELXSI,12,1,8170.55,8239.0,8022.0,8170.55,8155.15,-15.4,0,270194,2196669114.18,9420.0,4033.1,89.82,-2.51
Tata Investment Corporation Ltd.,TATAINVEST,9,1,1343.5,1343.5,1331.0,1342.15,1340.0,-2.15,0,8592,11485270.08,1733.9,1118.0,18.73,-12.22
Tata Motors Ltd.,TATAMOTORS,0,1,410.65,414.6,402.3,411.8,413.7,1.9,1,14725989,5997895319.7,536.7,268.45,21.26,-7.16
Tata Motors Ltd DVR,TATAMTRDVR,0,1,197.7,198.65,192.0,197.8,198.25,0.45,1,1610634,314927266.02,298.65,129.15,27.45,-7.16
Tata Power Co. Ltd.,TATAPOWER,16,1,202.7,207.65,200.6,202.2,207.2,5.0,1,15807993,3224356332.21,298.05,118.4,65.6,-14.01
Tata Steel Ltd.,TATASTEEL,14,1,866.95,875.0,859.1,867.05,871.2,4.15,1,5476189,4746979672.76,1534.5,827.0,-25.68,-17.87
Tata Steel Long Products Ltd.,TATASTLLP,1,1,575.0,582.95,564.7,575.6,581.0,5.4,1,10870,6187856.2,1173.0,534.0,-11.06,-12.96
TCI Express Ltd.,TCIEXP,18,1,1580.0,1624.85,1580.0,1594.4,1590.25,-4.15,0,31026,49884223.32,2572.0,1280.0,10.8,-1.5
TCNS Clothing Co. Ltd.,TCNSBRANDS,20,1,537.0,543.7,526.9,530.8,537.0,6.2,1,20185,10831069.15,932.0,494.1,-8.98,-10.98
Tata Consultancy Services Ltd.,TCS,12,1,3260.0,3333.0,3252.05,3267.1,3331.0,63.9,1,1502879,4930344847.4,4043.0,3023.85,-2.35,-2.89
Teamlease Services Ltd.,TEAMLEASE,18,1,3252.0,3358.0,3203.6,3236.15,3300.0,63.85,1,17375,57512466.25,5550.0,2910.0,-10.54,-1.99
Tech Mahindra Ltd.,TECHM,12,1,997.0,1014.0,989.3,1000.0,1011.25,11.25,1,1842102,1848880935.36,1838.0,943.7,-8.71,-15.27
Thermax Ltd.,THERMAX,1,1,2060.0,2079.95,2022.35,2097.15,2036.25,-60.9,0,30977,63452667.26,2347.0,1286.95,41.28,5.16
Thyrocare Technologies Ltd.,THYROCARE,11,1,622.9,627.0,613.2,621.05,617.8,-3.25,0,33220,20545573.4,1374.9,613.2,-52.69,-5.85
Tube Investments of India Ltd.,TIINDIA,0,1,1803.7,1835.0,1751.0,1841.3,1758.0,-83.3,0,88311,157356955.35,2025.0,1081.05,57.56,17.25
Timken India Ltd.,TIMKEN,1,1,2385.0,2484.75,2385.0,2377.3,2476.0,98.7,1,102059,249572016.83,2730.0,1450.0,61.79,4.26
Titan Company Ltd.,TITAN,5,1,1895.0,1954.35,1825.05,1941.25,1944.75,3.5,1,4064801,7729950765.68,2768.0,1662.5,12.05,-12.4
Torrent Pharmaceuticals Ltd.,TORNTPHARM,11,1,2850.0,2925.0,2838.05,2860.25,2920.0,59.75,1,157824,457984730.88,3298.5,2484.15,-1.43,0.98
Torrent Power Ltd.,TORNTPOWER,16,1,451.0,460.6,449.4,451.65,460.6,8.95,1,220456,100386844.16,606.55,415.25,-1.84,-0.96
Trent Ltd.,TRENT,6,1,1074.15,1088.1,1059.1,1074.15,1078.0,3.85,1,555368,595593304.24,1346.85,838.0,26.39,-4.44
Trident Ltd.,TRIDENT,20,1,38.65,38.8,37.65,38.7,38.2,-0.5,0,2633568,100365276.48,70.35,16.3,136.7,-18.87
Triveni Turbine Ltd.,TRITURBINE,1,1,154.15,157.65,154.05,156.35,156.6,0.25,1,126459,19678284.99,231.7,107.1,26.8,-8.19
Triveni Engineering & Industries Ltd.,TRIVENI,8,1,237.0,237.0,225.7,236.45,229.7,-6.75,0,543017,124758155.75,374.5,159.45,22.77,-19.19
TTK Prestige Ltd.,TTKPRESTIG,5,1,828.0,833.4,816.95,830.75,830.0,-0.75,0,17948,14811048.56,1264.65,744.7,-91.14,-0.14
Tata Teleservices (Maharashtra) Ltd.,TTML,19,1,121.4,122.7,118.5,121.1,119.4,-1.7,0,2252618,269660900.78,290.15,32.75,-11.06,-3.43
TV18 Broadcast Ltd.,TV18BRDCST,13,1,39.1,39.45,38.4,38.95,39.1,0.15,1,4948800,192508320.0,82.6,33.2,-9.21,-3.35
TVS Motor Company Ltd.,TVSMOTOR,0,1,837.5,886.3,827.3,841.95,836.05,-5.9,0,3263584,2765887440.0,886.3,495.0,35.69,14.31
United Breweries Ltd.,UBL,8,1,1453.8,1509.0,1440.0,1452.8,1501.95,49.15,1,174055,256786822.6,1785.8,1274.5,0.45,-5.81
UCO Bank,UCOBANK,9,1,11.0,11.2,10.75,10.95,11.05,0.1,1,1157345,12707648.1,15.9,10.55,-27.96,-5.6
UFLEX Ltd.,UFLEX,1,1,580.6,583.0,568.05,580.6,579.0,-1.6,0,59052,34016314.08,719.0,427.0,2.08,-5.34
UltraTech Cement Ltd.,ULTRACEMCO,4,1,5600.0,5699.75,5485.0,5607.3,5690.0,82.7,1,329610,1855160443.5,8269.0,5157.05,-17.25,-7.81
Union Bank of India,UNIONBANK,9,1,34.4,34.65,34.0,34.25,34.55,0.3,1,2376699,81520775.7,54.8,32.7,-11.15,-9.51
UPL Ltd.,UPL,2,1,630.0,646.0,621.95,632.4,642.85,10.45,1,3575548,2276015079.4,852.4,607.5,-20.24,-18.88
UTI Asset Management Company Ltd.,UTIAMC,9,1,643.0,643.0,628.05,645.9,640.0,-5.9,0,46115,29270573.95,1216.2,595.0,-24.34,-5.71
Vaibhav Global Ltd.,VAIBHAVGBL,6,1,301.0,306.95,287.9,299.9,303.0,3.1,1,131705,39561547.9,860.0,287.9,-62.43,-10.68
Vakrangee Ltd.,VAKRANGEE,12,1,26.75,27.5,26.15,26.75,26.7,-0.05,0,2363491,62963400.24,47.2,23.55,-35.93,-6.47
Varroc Engineering Ltd.,VARROC,0,1,300.5,307.45,295.1,299.7,305.1,5.4,1,134195,40414166.2,493.85,260.0,-18.37,-12.87
Varun Beverages Ltd.,VBL,8,1,790.0,809.0,786.2,790.55,790.0,-0.55,0,951574,759584429.76,809.0,472.67,8.35,-25.17
Vedanta Ltd.,VEDL,14,1,221.1,223.6,206.0,223.0,213.7,-9.3,0,26130465,5596884298.35,440.75,206.0,-15.16,-30.51
Venky's (India) Ltd.,VENKEYS,8,1,1897.15,1910.0,1875.75,1896.6,1901.0,4.4,1,8251,15614192.4,3746.0,1772.95,-47.1,-6.86
V-Guard Industries Ltd.,VGUARD,5,1,224.2,226.75,217.1,225.2,218.5,-6.7,0,212688,47031697.44,274.8,181.0,-15.07,-3.88
Vijaya Diagnostic Centre Ltd.,VIJAYA,11,1,333.2,361.0,331.55,333.2,351.25,18.05,1,203583,71673430.98,672.0,295.0,-11.06,-8.26
Vinati Organics Ltd.,VINATIORGA,2,1,1977.0,2024.9,1936.7,1982.9,1983.0,0.1,1,40500,80528580.0,2290.0,1674.2,8.36,-3.2
V.I.P. Industries Ltd.,VIPIND,5,1,626.5,631.8,606.4,626.5,618.9,-7.6,0,125113,77473722.99,774.6,374.0,56.41,8.04
V-Mart Retail Ltd.,VMART,6,1,2497.65,2500.0,2425.0,2485.2,2471.0,-14.2,0,28139,69418913.0,4848.8,2406.85,-11.25,-24.14
Voltas Ltd.,VOLTAS,5,1,949.8,969.65,938.1,972.4,959.0,-13.4,0,1129398,1079952955.56,1356.9,922.55,-4.9,-4.48
Vardhman Textiles Ltd.,VTL,20,1,265.45,273.25,262.1,265.05,272.95,7.9,1,431463,115235138.04,2880.0,245.5,-80.62,-7.58
Welspun Corp Ltd.,WELCORP,1,1,217.0,221.55,213.1,218.85,214.65,-4.2,0,880477,190852194.52,250.65,105.85,52.94,-3.29
Welspun India Ltd.,WELSPUNIND,20,1,69.6,70.4,68.15,69.45,69.9,0.45,1,1174496,81275123.2,170.7,62.2,-27.96,6.27
Westlife Development Ltd.,WESTLIFE,6,1,498.0,508.0,490.05,497.3,491.0,-6.3,0,50304,25038816.0,629.0,402.3,-0.46,9.25
Whirlpool of India Ltd.,WHIRLPOOL,5,1,1552.0,1579.8,1538.5,1560.85,1560.0,-0.85,0,62441,97504743.55,2550.0,1365.1,-30.18,-4.9
Wipro Ltd.,WIPRO,12,1,415.0,423.2,411.4,416.05,422.05,6.0,1,4453624,1855023468.48,739.85,402.05,-23.75,-12.97
Wockhardt Ltd.,WOCKPHARMA,11,1,206.95,208.8,205.15,208.55,207.0,-1.55,0,375081,77671773.48,592.0,205.15,-59.74,-19.34
Yes Bank Ltd.,YESBANK,9,1,12.65,12.75,12.55,12.65,12.7,0.05,1,18633694,235902566.04,16.25,10.5,-6.64,-3.8
Zee Entertainment Enterprises Ltd.,ZEEL,13,1,213.0,215.85,210.6,214.1,215.5,1.4,1,4131369,880807870.8,378.7,166.8,-0.3,-15.33
Zensar Technolgies Ltd.,ZENSARTECH,12,1,273.15,273.55,268.4,272.1,270.0,-2.1,0,186578,50467483.22,587.0,246.65,-12.61,-11.02
ZF Commercial Vehicle Control Systems India Ltd.,ZFCVINDIA,0,1,7748.0,7900.0,7525.3,7716.6,7680.0,-36.6,0,12790,98846236.0,8780.05,6793.3,-11.06,1.43
Zomato Ltd.,ZOMATO,6,1,54.15,56.7,52.55,53.85,56.0,2.15,1,112078641,6193465701.66,169.0,50.05,-11.06,-27.86
Zydus Lifesciences Ltd.,ZYDUSLIFE,11,1,356.9,364.05,354.3,357.0,364.0,7.0,1,862373,310014469.77,651.9,319.0,-11.06,-5.64
Zydus Wellness Ltd.,ZYDUSWELL,8,1,1635.0,1635.0,1605.0,1636.85,1627.0,-9.85,0,10803,17495674.56,2476.85,1430.0,-22.08,6.25
